timestamp,client_count,elapsed_time_ms
2024-12-04 01:19:02,1,0.163
2024-12-04 01:19:02,2,0.190
2024-12-04 01:19:02,3,0.266
2024-12-04 01:19:02,4,0.227
2024-12-04 01:19:02,5,0.290
2024-12-04 01:19:02,6,0.268
2024-12-04 01:19:02,7,0.217
2024-12-04 01:19:02,8,0.233
2024-12-04 01:19:02,9,0.244
2024-12-04 01:19:02,10,0.406
2024-12-04 01:19:02,11,0.298
2024-12-04 01:19:02,12,0.302
2024-12-04 01:19:02,13,0.348
2024-12-04 01:19:02,14,0.308
2024-12-04 01:19:02,15,0.561
2024-12-04 01:19:02,16,0.575
2024-12-04 01:19:03,17,0.877
2024-12-04 01:19:03,18,0.599
2024-12-04 01:19:03,19,0.569
2024-12-04 01:19:03,20,0.593
2024-12-04 01:19:03,21,0.576
2024-12-04 01:19:03,22,0.599
2024-12-04 01:19:03,23,0.824
2024-12-04 01:19:03,24,0.647
2024-12-04 01:19:03,25,0.679
2024-12-04 01:19:03,26,0.686
2024-12-04 01:19:03,27,0.739
2024-12-04 01:19:03,28,0.786
2024-12-04 01:19:03,29,0.964
2024-12-04 01:19:03,30,0.795
2024-12-04 01:19:03,31,0.885
2024-12-04 01:19:03,32,1.204
2024-12-04 01:19:04,33,2.241
2024-12-04 01:19:04,34,0.911
2024-12-04 01:19:04,35,0.929
2024-12-04 01:19:04,36,0.978
2024-12-04 01:19:04,37,0.951
2024-12-04 01:19:04,38,0.957
2024-12-04 01:19:04,39,1.016
2024-12-04 01:19:04,40,1.079
2024-12-04 01:19:04,41,2.541
2024-12-04 01:19:04,42,1.064
2024-12-04 01:19:04,43,0.893
2024-12-04 01:19:04,44,1.184
2024-12-04 01:19:04,45,1.021
2024-12-04 01:19:04,46,1.181
2024-12-04 01:19:04,47,2.083
2024-12-04 01:19:04,48,1.325
2024-12-04 01:19:04,49,2.044
2024-12-04 01:19:05,50,2.075
2024-12-04 01:19:05,51,2.902
2024-12-04 01:19:05,52,2.893
2024-12-04 01:19:05,53,2.917
2024-12-04 01:19:05,54,1.864
2024-12-04 01:19:05,55,2.963
2024-12-04 01:19:05,56,3.359
2024-12-04 01:19:05,57,2.426
2024-12-04 01:19:05,58,2.293
2024-12-04 01:19:05,59,1.272
2024-12-04 01:19:05,60,2.410
2024-12-04 01:19:05,61,3.647
2024-12-04 01:19:05,62,2.156
2024-12-04 01:19:05,63,2.725
2024-12-04 01:19:05,64,3.385
2024-12-04 01:19:05,65,3.922
2024-12-04 01:19:05,66,3.901
2024-12-04 01:19:06,67,2.173
2024-12-04 01:19:06,68,2.636
2024-12-04 01:19:06,69,1.927
2024-12-04 01:19:06,70,3.806
2024-12-04 01:19:06,71,3.535
2024-12-04 01:19:06,72,5.127
2024-12-04 01:19:06,73,5.328
2024-12-04 01:19:06,74,5.254
2024-12-04 01:19:06,75,5.416
2024-12-04 01:19:06,76,5.347
2024-12-04 01:19:06,77,4.792
2024-12-04 01:19:06,78,2.751
2024-12-04 01:19:06,79,3.011
2024-12-04 01:19:06,80,4.852
2024-12-04 01:19:06,81,3.227
2024-12-04 01:19:06,82,5.308
2024-12-04 01:19:07,83,3.700
2024-12-04 01:19:07,84,3.343
2024-12-04 01:19:07,85,3.865
2024-12-04 01:19:07,86,3.252
2024-12-04 01:19:07,87,4.522
2024-12-04 01:19:07,88,3.352
2024-12-04 01:19:07,89,4.666
2024-12-04 01:19:07,90,2.106
2024-12-04 01:19:07,91,5.304
2024-12-04 01:19:07,92,4.886
2024-12-04 01:19:07,93,5.661
2024-12-04 01:19:07,94,4.406
2024-12-04 01:19:07,95,5.102
2024-12-04 01:19:07,96,5.948
2024-12-04 01:19:07,97,3.726
2024-12-04 01:19:07,98,5.350
2024-12-04 01:19:07,99,5.758
2024-12-04 01:19:08,100,6.181
2024-12-04 01:19:08,101,3.748
2024-12-04 01:19:08,102,3.807
2024-12-04 01:19:08,103,5.720
2024-12-04 01:19:08,104,5.596
2024-12-04 01:19:08,105,6.109
2024-12-04 01:19:08,106,6.356
2024-12-04 01:19:08,107,6.785
2024-12-04 01:19:08,108,6.649
2024-12-04 01:19:08,109,4.046
2024-12-04 01:19:08,110,7.644
2024-12-04 01:19:08,111,4.720
2024-12-04 01:19:08,112,6.752
2024-12-04 01:19:08,113,6.587
2024-12-04 01:19:08,114,5.809
2024-12-04 01:19:08,115,5.994
2024-12-04 01:19:09,116,6.899
2024-12-04 01:19:09,117,6.856
2024-12-04 01:19:09,118,5.799
2024-12-04 01:19:09,119,7.736
2024-12-04 01:19:09,120,5.033
2024-12-04 01:19:09,121,4.240
2024-12-04 01:19:09,122,5.995
2024-12-04 01:19:09,123,5.929
2024-12-04 01:19:09,124,7.486
2024-12-04 01:19:09,125,5.929
2024-12-04 01:19:09,126,4.431
2024-12-04 01:19:09,127,6.672
2024-12-04 01:19:09,128,4.692
2024-12-04 01:19:09,129,4.047
2024-12-04 01:19:09,130,4.613
2024-12-04 01:19:09,131,7.598
2024-12-04 01:19:09,132,8.364
2024-12-04 01:19:10,133,5.470
2024-12-04 01:19:10,134,6.539
2024-12-04 01:19:10,135,6.120
2024-12-04 01:19:10,136,6.769
2024-12-04 01:19:10,137,6.788
2024-12-04 01:19:10,138,5.343
2024-12-04 01:19:10,139,5.323
2024-12-04 01:19:10,140,6.831
2024-12-04 01:19:10,141,6.859
2024-12-04 01:19:10,142,6.002
2024-12-04 01:19:10,143,8.641
2024-12-04 01:19:10,144,8.035
2024-12-04 01:19:10,145,8.870
2024-12-04 01:19:10,146,6.792
2024-12-04 01:19:10,147,5.613
2024-12-04 01:19:10,148,6.114
2024-12-04 01:19:10,149,5.349
2024-12-04 01:19:11,150,5.562
2024-12-04 01:19:11,151,6.237
2024-12-04 01:19:11,152,7.309
2024-12-04 01:19:11,153,6.141
2024-12-04 01:19:11,154,5.470
2024-12-04 01:19:11,155,7.550
2024-12-04 01:19:11,156,6.888
2024-12-04 01:19:11,157,5.614
2024-12-04 01:19:11,158,6.491
2024-12-04 01:19:11,159,7.809
2024-12-04 01:19:11,160,5.755
2024-12-04 01:19:11,161,5.671
2024-12-04 01:19:11,162,6.123
2024-12-04 01:19:11,163,8.425
2024-12-04 01:19:11,164,7.940
2024-12-04 01:19:11,165,6.879
2024-12-04 01:19:12,166,7.642
2024-12-04 01:19:12,167,7.512
2024-12-04 01:19:12,168,5.941
2024-12-04 01:19:12,169,7.023
2024-12-04 01:19:12,170,6.039
2024-12-04 01:19:12,171,6.870
2024-12-04 01:19:12,172,7.982
2024-12-04 01:19:12,173,7.140
2024-12-04 01:19:12,174,6.561
2024-12-04 01:19:12,175,8.191
2024-12-04 01:19:12,176,6.795
2024-12-04 01:19:12,177,6.229
2024-12-04 01:19:12,178,6.983
2024-12-04 01:19:12,179,6.268
2024-12-04 01:19:12,180,7.010
2024-12-04 01:19:12,181,8.350
2024-12-04 01:19:12,182,7.533
2024-12-04 01:19:13,183,6.438
2024-12-04 01:19:13,184,8.324
2024-12-04 01:19:13,185,6.731
2024-12-04 01:19:13,186,7.288
2024-12-04 01:19:13,187,6.633
2024-12-04 01:19:13,188,6.579
2024-12-04 01:19:13,189,6.738
2024-12-04 01:19:13,190,6.944
2024-12-04 01:19:13,191,6.794
2024-12-04 01:19:13,192,8.753
2024-12-04 01:19:13,193,6.890
2024-12-04 01:19:13,194,7.581
2024-12-04 01:19:13,195,9.493
2024-12-04 01:19:13,196,6.859
2024-12-04 01:19:13,197,8.216
2024-12-04 01:19:13,198,7.943
2024-12-04 01:19:13,199,6.737
2024-12-04 01:19:14,200,9.439
2024-12-04 01:19:14,201,9.402
2024-12-04 01:19:14,202,8.404
2024-12-04 01:19:14,203,8.526
2024-12-04 01:19:14,204,8.486
2024-12-04 01:19:14,205,9.047
2024-12-04 01:19:14,206,6.933
2024-12-04 01:19:14,207,9.148
2024-12-04 01:19:14,208,6.280
2024-12-04 01:19:14,209,9.479
2024-12-04 01:19:14,210,9.957
2024-12-04 01:19:14,211,9.387
2024-12-04 01:19:14,212,9.398
2024-12-04 01:19:14,213,8.015
2024-12-04 01:19:14,214,8.568
2024-12-04 01:19:14,215,9.832
2024-12-04 01:19:15,216,6.827
2024-12-04 01:19:15,217,9.531
2024-12-04 01:19:15,218,11.990
2024-12-04 01:19:15,219,6.615
2024-12-04 01:19:15,220,7.526
2024-12-04 01:19:15,221,10.429
2024-12-04 01:19:15,222,8.053
2024-12-04 01:19:15,223,7.254
2024-12-04 01:19:15,224,9.512
2024-12-04 01:19:15,225,10.728
2024-12-04 01:19:15,226,9.280
2024-12-04 01:19:15,227,6.805
2024-12-04 01:19:15,228,10.505
2024-12-04 01:19:15,229,10.891
2024-12-04 01:19:15,230,8.918
2024-12-04 01:19:15,231,8.651
2024-12-04 01:19:15,232,8.517
2024-12-04 01:19:16,233,9.986
2024-12-04 01:19:16,234,8.442
2024-12-04 01:19:16,235,8.225
2024-12-04 01:19:16,236,8.208
2024-12-04 01:19:16,237,10.359
2024-12-04 01:19:16,238,10.375
2024-12-04 01:19:16,239,7.094
2024-12-04 01:19:16,240,8.313
2024-12-04 01:19:16,241,8.418
2024-12-04 01:19:16,242,7.170
2024-12-04 01:19:16,243,8.433
2024-12-04 01:19:16,244,8.432
2024-12-04 01:19:16,245,9.370
2024-12-04 01:19:16,246,8.586
2024-12-04 01:19:16,247,8.102
2024-12-04 01:19:16,248,8.599
2024-12-04 01:19:17,249,11.546
2024-12-04 01:19:17,250,11.746
2024-12-04 01:19:17,251,11.888
2024-12-04 01:19:17,252,8.709
2024-12-04 01:19:17,253,10.550
2024-12-04 01:19:17,254,11.628
2024-12-04 01:19:17,255,8.908
2024-12-04 01:19:17,256,8.997
2024-12-04 01:19:17,257,8.967
2024-12-04 01:19:17,258,8.957
2024-12-04 01:19:17,259,11.568
2024-12-04 01:19:17,260,7.713
2024-12-04 01:19:17,261,10.268
2024-12-04 01:19:17,262,8.162
2024-12-04 01:19:17,263,10.876
2024-12-04 01:19:17,264,5.884
2024-12-04 01:19:17,265,9.302
2024-12-04 01:19:18,266,8.756
2024-12-04 01:19:18,267,12.093
2024-12-04 01:19:18,268,7.765
2024-12-04 01:19:18,269,11.482
2024-12-04 01:19:18,270,7.671
2024-12-04 01:19:18,271,12.712
2024-12-04 01:19:18,272,10.303
2024-12-04 01:19:18,273,9.702
2024-12-04 01:19:18,274,10.189
2024-12-04 01:19:18,275,9.593
2024-12-04 01:19:18,276,8.082
2024-12-04 01:19:18,277,12.502
2024-12-04 01:19:18,278,10.035
2024-12-04 01:19:18,279,9.483
2024-12-04 01:19:18,280,7.967
2024-12-04 01:19:18,281,9.735
2024-12-04 01:19:18,282,9.836
2024-12-04 01:19:19,283,13.447
2024-12-04 01:19:19,284,7.656
2024-12-04 01:19:19,285,8.354
2024-12-04 01:19:19,286,11.449
2024-12-04 01:19:19,287,10.062
2024-12-04 01:19:19,288,11.957
2024-12-04 01:19:19,289,13.655
2024-12-04 01:19:19,290,10.078
2024-12-04 01:19:19,291,10.204
2024-12-04 01:19:19,292,11.411
2024-12-04 01:19:19,293,10.761
2024-12-04 01:19:19,294,11.320
2024-12-04 01:19:19,295,12.190
2024-12-04 01:19:19,296,8.903
2024-12-04 01:19:19,297,13.762
2024-12-04 01:19:19,298,12.833
2024-12-04 01:19:20,299,12.803
2024-12-04 01:19:20,300,10.689
2024-12-04 01:19:20,301,8.730
2024-12-04 01:19:20,302,11.789
2024-12-04 01:19:20,303,13.962
2024-12-04 01:19:20,304,12.730
2024-12-04 01:19:20,305,12.629
2024-12-04 01:19:20,306,9.671
2024-12-04 01:19:20,307,5.497
2024-12-04 01:19:20,308,7.328
2024-12-04 01:19:20,309,6.858
2024-12-04 01:19:20,310,8.918
2024-12-04 01:19:20,311,8.839
2024-12-04 01:19:20,312,9.417
2024-12-04 01:19:20,313,10.624
2024-12-04 01:19:20,314,14.946
2024-12-04 01:19:20,315,14.144
2024-12-04 01:19:21,316,13.670
2024-12-04 01:19:21,317,11.270
2024-12-04 01:19:21,318,12.676
2024-12-04 01:19:21,319,10.689
2024-12-04 01:19:21,320,12.774
2024-12-04 01:19:21,321,15.084
2024-12-04 01:19:21,322,14.390
2024-12-04 01:19:21,323,6.996
2024-12-04 01:19:21,324,13.403
2024-12-04 01:19:21,325,11.632
2024-12-04 01:19:21,326,8.761
2024-12-04 01:19:21,327,9.419
2024-12-04 01:19:21,328,11.349
2024-12-04 01:19:21,329,9.487
2024-12-04 01:19:21,330,14.481
2024-12-04 01:19:21,331,15.024
2024-12-04 01:19:21,332,15.216
2024-12-04 01:19:22,333,17.238
2024-12-04 01:19:22,334,11.993
2024-12-04 01:19:22,335,11.180
2024-12-04 01:19:22,336,13.157
2024-12-04 01:19:22,337,14.932
2024-12-04 01:19:22,338,14.040
2024-12-04 01:19:22,339,12.715
2024-12-04 01:19:22,340,11.740
2024-12-04 01:19:22,341,14.188
2024-12-04 01:19:22,342,9.665
2024-12-04 01:19:22,343,10.535
2024-12-04 01:19:22,344,11.857
2024-12-04 01:19:22,345,11.977
2024-12-04 01:19:22,346,16.575
2024-12-04 01:19:22,347,11.709
2024-12-04 01:19:22,348,12.063
2024-12-04 01:19:23,349,11.970
2024-12-04 01:19:23,350,10.759
2024-12-04 01:19:23,351,10.108
2024-12-04 01:19:23,352,14.158
2024-12-04 01:19:23,353,12.219
2024-12-04 01:19:23,354,12.215
2024-12-04 01:19:23,355,13.036
2024-12-04 01:19:23,356,12.259
2024-12-04 01:19:23,357,12.390
2024-12-04 01:19:23,358,12.731
2024-12-04 01:19:23,359,9.424
2024-12-04 01:19:23,360,12.343
2024-12-04 01:19:23,361,15.126
2024-12-04 01:19:23,362,12.164
2024-12-04 01:19:23,363,11.216
2024-12-04 01:19:23,364,10.494
2024-12-04 01:19:23,365,12.606
2024-12-04 01:19:24,366,12.519
2024-12-04 01:19:24,367,13.702
2024-12-04 01:19:24,368,8.965
2024-12-04 01:19:24,369,11.555
2024-12-04 01:19:24,370,15.884
2024-12-04 01:19:24,371,13.203
2024-12-04 01:19:24,372,12.520
2024-12-04 01:19:24,373,11.762
2024-12-04 01:19:24,374,14.053
2024-12-04 01:19:24,375,9.680
2024-12-04 01:19:24,376,14.734
2024-12-04 01:19:24,377,12.961
2024-12-04 01:19:24,378,14.786
2024-12-04 01:19:24,379,13.741
2024-12-04 01:19:24,380,13.145
2024-12-04 01:19:24,381,13.250
2024-12-04 01:19:24,382,8.204
2024-12-04 01:19:25,383,13.280
2024-12-04 01:19:25,384,12.215
2024-12-04 01:19:25,385,16.422
2024-12-04 01:19:25,386,14.560
2024-12-04 01:19:25,387,14.832
2024-12-04 01:19:25,388,13.328
2024-12-04 01:19:25,389,13.464
2024-12-04 01:19:25,390,10.449
2024-12-04 01:19:25,391,10.881
2024-12-04 01:19:25,392,14.830
2024-12-04 01:19:25,393,12.433
2024-12-04 01:19:25,394,17.533
2024-12-04 01:19:25,395,14.561
2024-12-04 01:19:25,396,12.454
2024-12-04 01:19:25,397,12.557
2024-12-04 01:19:25,398,10.672
2024-12-04 01:19:26,399,10.625
2024-12-04 01:19:26,400,12.641
2024-12-04 01:19:26,401,13.091
2024-12-04 01:19:26,402,12.715
2024-12-04 01:19:26,403,13.985
2024-12-04 01:19:26,404,14.087
2024-12-04 01:19:26,405,13.149
2024-12-04 01:19:26,406,11.755
2024-12-04 01:19:26,407,7.202
2024-12-04 01:19:26,408,12.736
2024-12-04 01:19:26,409,14.284
2024-12-04 01:19:26,410,13.053
2024-12-04 01:19:26,411,15.338
2024-12-04 01:19:26,412,16.086
2024-12-04 01:19:26,413,16.176
2024-12-04 01:19:26,414,10.709
2024-12-04 01:19:26,415,12.381
2024-12-04 01:19:27,416,13.352
2024-12-04 01:19:27,417,17.186
2024-12-04 01:19:27,418,11.374
2024-12-04 01:19:27,419,10.554
2024-12-04 01:19:27,420,18.990
2024-12-04 01:19:27,421,17.569
2024-12-04 01:19:27,422,12.947
2024-12-04 01:19:27,423,13.012
2024-12-04 01:19:27,424,15.145
2024-12-04 01:19:27,425,14.157
2024-12-04 01:19:27,426,15.739
2024-12-04 01:19:27,427,14.494
2024-12-04 01:19:27,428,14.755
2024-12-04 01:19:27,429,15.933
2024-12-04 01:19:27,430,13.375
2024-12-04 01:19:27,431,11.983
2024-12-04 01:19:27,432,14.782
2024-12-04 01:19:28,433,9.475
2024-12-04 01:19:28,434,17.098
2024-12-04 01:19:28,435,14.994
2024-12-04 01:19:28,436,17.456
2024-12-04 01:19:28,437,15.032
2024-12-04 01:19:28,438,12.467
2024-12-04 01:19:28,439,12.741
2024-12-04 01:19:28,440,15.335
2024-12-04 01:19:28,441,9.698
2024-12-04 01:19:28,442,15.809
2024-12-04 01:19:28,443,17.646
2024-12-04 01:19:28,444,15.780
2024-12-04 01:19:28,445,16.085
2024-12-04 01:19:28,446,11.781
2024-12-04 01:19:28,447,16.126
2024-12-04 01:19:28,448,16.032
2024-12-04 01:19:29,449,15.214
2024-12-04 01:19:29,450,11.588
2024-12-04 01:19:29,451,19.630
2024-12-04 01:19:29,452,16.716
2024-12-04 01:19:29,453,15.474
2024-12-04 01:19:29,454,11.990
2024-12-04 01:19:29,455,14.610
2024-12-04 01:19:29,456,14.745
2024-12-04 01:19:29,457,17.443
2024-12-04 01:19:29,458,17.726
2024-12-04 01:19:29,459,15.563
2024-12-04 01:19:29,460,16.579
2024-12-04 01:19:29,461,14.982
2024-12-04 01:19:29,462,12.702
2024-12-04 01:19:29,463,13.643
2024-12-04 01:19:29,464,18.932
2024-12-04 01:19:29,465,14.586
2024-12-04 01:19:30,466,15.341
2024-12-04 01:19:30,467,14.428
2024-12-04 01:19:30,468,15.580
2024-12-04 01:19:30,469,16.061
2024-12-04 01:19:30,470,16.698
2024-12-04 01:19:30,471,12.727
2024-12-04 01:19:30,472,12.084
2024-12-04 01:19:30,473,15.675
2024-12-04 01:19:30,474,17.099
2024-12-04 01:19:30,475,14.937
2024-12-04 01:19:30,476,12.641
2024-12-04 01:19:30,477,18.053
2024-12-04 01:19:30,478,16.390
2024-12-04 01:19:30,479,16.865
2024-12-04 01:19:30,480,16.008
2024-12-04 01:19:30,481,17.168
2024-12-04 01:19:31,482,13.774
2024-12-04 01:19:31,483,16.186
2024-12-04 01:19:31,484,16.340
2024-12-04 01:19:31,485,16.852
2024-12-04 01:19:31,486,16.163
2024-12-04 01:19:31,487,19.545
2024-12-04 01:19:31,488,16.702
2024-12-04 01:19:31,489,14.964
2024-12-04 01:19:31,490,16.737
2024-12-04 01:19:31,491,17.826
2024-12-04 01:19:31,492,12.841
2024-12-04 01:19:31,493,15.343
2024-12-04 01:19:31,494,15.752
2024-12-04 01:19:31,495,10.132
2024-12-04 01:19:31,496,15.148
2024-12-04 01:19:31,497,16.243
2024-12-04 01:19:31,498,12.791
2024-12-04 01:19:32,499,16.033
2024-12-04 01:19:32,500,16.248
2024-12-04 01:19:32,501,17.864
2024-12-04 01:19:32,502,10.075
2024-12-04 01:19:32,503,9.076
2024-12-04 01:19:32,504,15.981
2024-12-04 01:19:32,505,11.179
2024-12-04 01:19:32,506,19.660
2024-12-04 01:19:32,507,15.201
2024-12-04 01:19:32,508,18.630
2024-12-04 01:19:32,509,16.342
2024-12-04 01:19:32,510,12.789
2024-12-04 01:19:32,511,8.744
2024-12-04 01:19:32,512,18.173
2024-12-04 01:19:32,513,18.097
2024-12-04 01:19:32,514,15.035
2024-12-04 01:19:32,515,16.190
2024-12-04 01:19:33,516,16.661
2024-12-04 01:19:33,517,17.239
2024-12-04 01:19:33,518,13.223
2024-12-04 01:19:33,519,12.725
2024-12-04 01:19:33,520,15.274
2024-12-04 01:19:33,521,12.191
2024-12-04 01:19:33,522,16.395
2024-12-04 01:19:33,523,9.965
2024-12-04 01:19:33,524,18.721
2024-12-04 01:19:33,525,15.081
2024-12-04 01:19:33,526,12.485
2024-12-04 01:19:33,527,13.341
2024-12-04 01:19:33,528,16.225
2024-12-04 01:19:33,529,17.033
2024-12-04 01:19:33,530,17.288
2024-12-04 01:19:33,531,17.742
2024-12-04 01:19:34,532,16.113
2024-12-04 01:19:34,533,16.345
2024-12-04 01:19:34,534,13.130
2024-12-04 01:19:34,535,15.959
2024-12-04 01:19:34,536,16.738
2024-12-04 01:19:34,537,12.437
2024-12-04 01:19:34,538,18.797
2024-12-04 01:19:34,539,16.023
2024-12-04 01:19:34,540,17.438
2024-12-04 01:19:34,541,13.212
2024-12-04 01:19:34,542,16.331
2024-12-04 01:19:34,543,13.076
2024-12-04 01:19:34,544,15.146
2024-12-04 01:19:34,545,17.482
2024-12-04 01:19:34,546,15.724
2024-12-04 01:19:34,547,15.449
2024-12-04 01:19:34,548,17.272
2024-12-04 01:19:35,549,16.871
2024-12-04 01:19:35,550,13.600
2024-12-04 01:19:35,551,16.394
2024-12-04 01:19:35,552,13.184
2024-12-04 01:19:35,553,13.191
2024-12-04 01:19:35,554,15.709
2024-12-04 01:19:35,555,17.391
2024-12-04 01:19:35,556,14.289
2024-12-04 01:19:35,557,15.213
2024-12-04 01:19:35,558,17.062
2024-12-04 01:19:35,559,18.571
2024-12-04 01:19:35,560,15.526
2024-12-04 01:19:35,561,13.532
2024-12-04 01:19:35,562,16.408
2024-12-04 01:19:35,563,12.403
2024-12-04 01:19:35,564,18.109
2024-12-04 01:19:35,565,18.193
2024-12-04 01:19:36,566,17.064
2024-12-04 01:19:36,567,15.148
2024-12-04 01:19:36,568,14.205
2024-12-04 01:19:36,569,16.353
2024-12-04 01:19:36,570,16.557
2024-12-04 01:19:36,571,16.922
2024-12-04 01:19:36,572,16.453
2024-12-04 01:19:36,573,16.915
2024-12-04 01:19:36,574,17.568
2024-12-04 01:19:36,575,16.416
2024-12-04 01:19:36,576,15.988
2024-12-04 01:19:36,577,14.098
2024-12-04 01:19:36,578,10.865
2024-12-04 01:19:36,579,18.173
2024-12-04 01:19:36,580,15.702
2024-12-04 01:19:36,581,16.597
2024-12-04 01:19:37,582,15.756
2024-12-04 01:19:37,583,17.561
2024-12-04 01:19:37,584,15.449
2024-12-04 01:19:37,585,11.692
2024-12-04 01:19:37,586,18.095
2024-12-04 01:19:37,587,17.830
2024-12-04 01:19:37,588,16.222
2024-12-04 01:19:37,589,13.779
2024-12-04 01:19:37,590,13.934
2024-12-04 01:19:37,591,19.544
2024-12-04 01:19:37,592,13.510
2024-12-04 01:19:37,593,14.545
2024-12-04 01:19:37,594,16.615
2024-12-04 01:19:37,595,14.745
2024-12-04 01:19:37,596,16.995
2024-12-04 01:19:37,597,15.540
2024-12-04 01:19:37,598,15.552
2024-12-04 01:19:38,599,13.135
2024-12-04 01:19:38,600,18.953
2024-12-04 01:19:38,601,15.733
2024-12-04 01:19:38,602,14.220
2024-12-04 01:19:38,603,9.806
2024-12-04 01:19:38,604,19.077
2024-12-04 01:19:38,605,16.553
2024-12-04 01:19:38,606,17.769
2024-12-04 01:19:38,607,16.868
2024-12-04 01:19:38,608,16.260
2024-12-04 01:19:38,609,12.025
2024-12-04 01:19:38,610,18.207
2024-12-04 01:19:38,611,16.599
2024-12-04 01:19:38,612,16.973
2024-12-04 01:19:38,613,16.563
2024-12-04 01:19:38,614,10.542
2024-12-04 01:19:38,615,18.066
2024-12-04 01:19:39,616,18.128
2024-12-04 01:19:39,617,16.715
2024-12-04 01:19:39,618,16.389
2024-12-04 01:19:39,619,16.678
2024-12-04 01:19:39,620,13.606
2024-12-04 01:19:39,621,17.241
2024-12-04 01:19:39,622,14.478
2024-12-04 01:19:39,623,15.376
2024-12-04 01:19:39,624,18.499
2024-12-04 01:19:39,625,18.801
2024-12-04 01:19:39,626,17.936
2024-12-04 01:19:39,627,17.151
2024-12-04 01:19:39,628,16.645
2024-12-04 01:19:39,629,13.179
2024-12-04 01:19:39,630,19.538
2024-12-04 01:19:39,631,11.229
2024-12-04 01:19:40,632,10.409
2024-12-04 01:19:40,633,22.928
2024-12-04 01:19:40,634,16.193
2024-12-04 01:19:40,635,14.747
2024-12-04 01:19:40,636,14.476
2024-12-04 01:19:40,637,18.804
2024-12-04 01:19:40,638,17.515
2024-12-04 01:19:40,639,16.823
2024-12-04 01:19:40,640,14.515
2024-12-04 01:19:40,641,14.230
2024-12-04 01:19:40,642,18.677
2024-12-04 01:19:40,643,16.530
2024-12-04 01:19:40,644,16.695
2024-12-04 01:19:40,645,14.010
2024-12-04 01:19:40,646,18.276
2024-12-04 01:19:40,647,18.196
2024-12-04 01:19:40,648,18.304
2024-12-04 01:19:41,649,13.468
2024-12-04 01:19:41,650,17.321
2024-12-04 01:19:41,651,21.202
2024-12-04 01:19:41,652,19.646
2024-12-04 01:19:41,653,14.970
2024-12-04 01:19:41,654,11.560
2024-12-04 01:19:41,655,18.716
2024-12-04 01:19:41,656,18.221
2024-12-04 01:19:41,657,18.893
2024-12-04 01:19:41,658,14.222
2024-12-04 01:19:41,659,17.538
2024-12-04 01:19:41,660,18.021
2024-12-04 01:19:41,661,17.908
2024-12-04 01:19:41,662,17.540
2024-12-04 01:19:41,663,11.854
2024-12-04 01:19:41,664,20.975
2024-12-04 01:19:42,665,23.394
2024-12-04 01:19:42,666,18.494
2024-12-04 01:19:42,667,15.420
2024-12-04 01:19:42,668,16.250
2024-12-04 01:19:42,669,16.415
2024-12-04 01:19:42,670,14.523
2024-12-04 01:19:42,671,18.371
2024-12-04 01:19:42,672,22.773
2024-12-04 01:19:42,673,17.185
2024-12-04 01:19:42,674,11.031
2024-12-04 01:19:42,675,17.801
2024-12-04 01:19:42,676,19.181
2024-12-04 01:19:42,677,20.491
2024-12-04 01:19:42,678,12.180
2024-12-04 01:19:42,679,22.243
2024-12-04 01:19:42,680,19.467
2024-12-04 01:19:42,681,16.430
2024-12-04 01:19:43,682,16.156
2024-12-04 01:19:43,683,11.622
2024-12-04 01:19:43,684,18.629
2024-12-04 01:19:43,685,14.961
2024-12-04 01:19:43,686,16.664
2024-12-04 01:19:43,687,18.531
2024-12-04 01:19:43,688,12.213
2024-12-04 01:19:43,689,19.457
2024-12-04 01:19:43,690,14.705
2024-12-04 01:19:43,691,21.465
2024-12-04 01:19:43,692,21.583
2024-12-04 01:19:43,693,19.780
2024-12-04 01:19:43,694,11.295
2024-12-04 01:19:43,695,11.452
2024-12-04 01:19:43,696,20.295
2024-12-04 01:19:43,697,19.040
2024-12-04 01:19:43,698,18.110
2024-12-04 01:19:44,699,16.926
2024-12-04 01:19:44,700,15.233
2024-12-04 01:19:44,701,11.421
2024-12-04 01:19:44,702,19.152
2024-12-04 01:19:44,703,18.796
2024-12-04 01:19:44,704,19.249
2024-12-04 01:19:44,705,17.529
2024-12-04 01:19:44,706,16.375
2024-12-04 01:19:44,707,19.517
2024-12-04 01:19:44,708,17.573
2024-12-04 01:19:44,709,17.413
2024-12-04 01:19:44,710,18.113
2024-12-04 01:19:44,711,17.002
2024-12-04 01:19:44,712,16.302
2024-12-04 01:19:44,713,17.275
2024-12-04 01:19:44,714,16.800
2024-12-04 01:19:45,715,22.056
2024-12-04 01:19:45,716,17.149
2024-12-04 01:19:45,717,18.084
2024-12-04 01:19:45,718,13.761
2024-12-04 01:19:45,719,18.308
2024-12-04 01:19:45,720,18.403
2024-12-04 01:19:45,721,16.544
2024-12-04 01:19:45,722,16.407
2024-12-04 01:19:45,723,16.994
2024-12-04 01:19:45,724,17.514
2024-12-04 01:19:45,725,19.866
2024-12-04 01:19:45,726,12.468
2024-12-04 01:19:45,727,20.440
2024-12-04 01:19:45,728,19.209
2024-12-04 01:19:45,729,15.561
2024-12-04 01:19:45,730,18.930
2024-12-04 01:19:45,731,18.813
2024-12-04 01:19:46,732,18.618
2024-12-04 01:19:46,733,19.328
2024-12-04 01:19:46,734,12.125
2024-12-04 01:19:46,735,19.187
2024-12-04 01:19:46,736,19.081
2024-12-04 01:19:46,737,17.924
2024-12-04 01:19:46,738,16.385
2024-12-04 01:19:46,739,18.070
2024-12-04 01:19:46,740,22.821
2024-12-04 01:19:46,741,21.738
2024-12-04 01:19:46,742,18.396
2024-12-04 01:19:46,743,16.848
2024-12-04 01:19:46,744,17.341
2024-12-04 01:19:46,745,19.892
2024-12-04 01:19:46,746,15.083
2024-12-04 01:19:46,747,19.174
2024-12-04 01:19:46,748,14.699
2024-12-04 01:19:47,749,18.431
2024-12-04 01:19:47,750,12.218
2024-12-04 01:19:47,751,19.537
2024-12-04 01:19:47,752,17.185
2024-12-04 01:19:47,753,18.082
2024-12-04 01:19:47,754,18.195
2024-12-04 01:19:47,755,19.478
2024-12-04 01:19:47,756,18.209
2024-12-04 01:19:47,757,19.234
2024-12-04 01:19:47,758,19.504
2024-12-04 01:19:47,759,18.113
2024-12-04 01:19:47,760,18.970
2024-12-04 01:19:47,761,18.644
2024-12-04 01:19:47,762,18.864
2024-12-04 01:19:47,763,17.248
2024-12-04 01:19:47,764,18.086
2024-12-04 01:19:48,765,18.393
2024-12-04 01:19:48,766,18.943
2024-12-04 01:19:48,767,16.071
2024-12-04 01:19:48,768,14.832
2024-12-04 01:19:48,769,19.070
2024-12-04 01:19:48,770,17.303
2024-12-04 01:19:48,771,19.983
2024-12-04 01:19:48,772,17.591
2024-12-04 01:19:48,773,17.915
2024-12-04 01:19:48,774,19.792
2024-12-04 01:19:48,775,18.925
2024-12-04 01:19:48,776,13.471
2024-12-04 01:19:48,777,18.831
2024-12-04 01:19:48,778,18.902
2024-12-04 01:19:48,779,18.736
2024-12-04 01:19:48,780,17.642
2024-12-04 01:19:48,781,16.796
2024-12-04 01:19:49,782,18.941
2024-12-04 01:19:49,783,19.733
2024-12-04 01:19:49,784,16.464
2024-12-04 01:19:49,785,15.583
2024-12-04 01:19:49,786,19.174
2024-12-04 01:19:49,787,19.137
2024-12-04 01:19:49,788,21.540
2024-12-04 01:19:49,789,18.333
2024-12-04 01:19:49,790,14.782
2024-12-04 01:19:49,791,15.955
2024-12-04 01:19:49,792,20.678
2024-12-04 01:19:49,793,19.930
2024-12-04 01:19:49,794,19.933
2024-12-04 01:19:49,795,13.148
2024-12-04 01:19:49,796,21.761
2024-12-04 01:19:49,797,19.604
2024-12-04 01:19:49,798,18.358
2024-12-04 01:19:50,799,20.364
2024-12-04 01:19:50,800,14.215
2024-12-04 01:19:50,801,17.360
2024-12-04 01:19:50,802,24.324
2024-12-04 01:19:50,803,19.766
2024-12-04 01:19:50,804,17.787
2024-12-04 01:19:50,805,19.680
2024-12-04 01:19:50,806,19.657
2024-12-04 01:19:50,807,20.513
2024-12-04 01:19:50,808,19.327
2024-12-04 01:19:50,809,20.052
2024-12-04 01:19:50,810,18.994
2024-12-04 01:19:50,811,17.846
2024-12-04 01:19:50,812,20.908
2024-12-04 01:19:50,813,20.003
2024-12-04 01:19:50,814,16.996
2024-12-04 01:19:51,815,20.603
2024-12-04 01:19:51,816,20.040
2024-12-04 01:19:51,817,22.056
2024-12-04 01:19:51,818,20.397
2024-12-04 01:19:51,819,20.197
2024-12-04 01:19:51,820,19.341
2024-12-04 01:19:51,821,20.516
2024-12-04 01:19:51,822,19.571
2024-12-04 01:19:51,823,20.167
2024-12-04 01:19:51,824,20.493
2024-12-04 01:19:51,825,19.265
2024-12-04 01:19:51,826,17.587
2024-12-04 01:19:51,827,20.225
2024-12-04 01:19:51,828,20.243
2024-12-04 01:19:51,829,20.358
2024-12-04 01:19:51,830,19.509
2024-12-04 01:19:51,831,20.315
2024-12-04 01:19:52,832,20.142
2024-12-04 01:19:52,833,20.246
2024-12-04 01:19:52,834,19.448
2024-12-04 01:19:52,835,19.960
2024-12-04 01:19:52,836,16.230
2024-12-04 01:19:52,837,20.426
2024-12-04 01:19:52,838,20.854
2024-12-04 01:19:52,839,21.126
2024-12-04 01:19:52,840,19.811
2024-12-04 01:19:52,841,16.156
2024-12-04 01:19:52,842,20.324
2024-12-04 01:19:52,843,17.456
2024-12-04 01:19:52,844,21.028
2024-12-04 01:19:52,845,25.958
2024-12-04 01:19:52,846,19.121
2024-12-04 01:19:52,847,19.905
2024-12-04 01:19:52,848,19.016
2024-12-04 01:19:53,849,20.149
2024-12-04 01:19:53,850,20.162
2024-12-04 01:19:53,851,13.892
2024-12-04 01:19:53,852,18.335
2024-12-04 01:19:53,853,18.294
2024-12-04 01:19:53,854,20.004
2024-12-04 01:19:53,855,20.951
2024-12-04 01:19:53,856,14.119
2024-12-04 01:19:53,857,20.966
2024-12-04 01:19:53,858,20.842
2024-12-04 01:19:53,859,19.399
2024-12-04 01:19:53,860,20.671
2024-12-04 01:19:53,861,21.543
2024-12-04 01:19:53,862,20.044
2024-12-04 01:19:53,863,21.932
2024-12-04 01:19:53,864,17.468
2024-12-04 01:19:54,865,20.578
2024-12-04 01:19:54,866,16.812
2024-12-04 01:19:54,867,21.399
2024-12-04 01:19:54,868,21.969
2024-12-04 01:19:54,869,21.703
2024-12-04 01:19:54,870,21.228
2024-12-04 01:19:54,871,19.965
2024-12-04 01:19:54,872,21.743
2024-12-04 01:19:54,873,22.149
2024-12-04 01:19:54,874,21.091
2024-12-04 01:19:54,875,27.337
2024-12-04 01:19:54,876,21.760
2024-12-04 01:19:54,877,22.609
2024-12-04 01:19:54,878,19.520
2024-12-04 01:19:54,879,20.553
2024-12-04 01:19:54,880,23.201
2024-12-04 01:19:54,881,23.666
2024-12-04 01:19:55,882,22.426
2024-12-04 01:19:55,883,22.029
2024-12-04 01:19:55,884,21.951
2024-12-04 01:19:55,885,21.894
2024-12-04 01:19:55,886,21.689
2024-12-04 01:19:55,887,14.805
2024-12-04 01:19:55,888,22.049
2024-12-04 01:19:55,889,19.585
2024-12-04 01:19:55,890,14.645
2024-12-04 01:19:55,891,27.726
2024-12-04 01:19:55,892,21.817
2024-12-04 01:19:55,893,27.524
2024-12-04 01:19:55,894,27.578
2024-12-04 01:19:55,895,14.606
2024-12-04 01:19:55,896,21.642
2024-12-04 01:19:55,897,14.964
2024-12-04 01:19:55,898,19.869
2024-12-04 01:19:56,899,22.596
2024-12-04 01:19:56,900,27.790
2024-12-04 01:19:56,901,22.140
2024-12-04 01:19:56,902,16.689
2024-12-04 01:19:56,903,22.351
2024-12-04 01:19:56,904,20.747
2024-12-04 01:19:56,905,21.959
2024-12-04 01:19:56,906,20.966
2024-12-04 01:19:56,907,22.284
2024-12-04 01:19:56,908,21.880
2024-12-04 01:19:56,909,14.877
2024-12-04 01:19:56,910,22.145
2024-12-04 01:19:56,911,15.005
2024-12-04 01:19:56,912,21.944
2024-12-04 01:19:56,913,19.914
2024-12-04 01:19:56,914,18.660
2024-12-04 01:19:57,915,22.863
2024-12-04 01:19:57,916,23.399
2024-12-04 01:19:57,917,22.634
2024-12-04 01:19:57,918,18.766
2024-12-04 01:19:57,919,21.931
2024-12-04 01:19:57,920,21.371
2024-12-04 01:19:57,921,22.501
2024-12-04 01:19:57,922,22.598
2024-12-04 01:19:57,923,19.177
2024-12-04 01:19:57,924,22.566
2024-12-04 01:19:57,925,21.347
2024-12-04 01:19:57,926,22.547
2024-12-04 01:19:57,927,23.115
2024-12-04 01:19:57,928,20.824
2024-12-04 01:19:57,929,22.897
2024-12-04 01:19:57,930,15.525
2024-12-04 01:19:57,931,22.068
2024-12-04 01:19:58,932,21.098
2024-12-04 01:19:58,933,20.039
2024-12-04 01:19:58,934,25.487
2024-12-04 01:19:58,935,15.999
2024-12-04 01:19:58,936,19.345
2024-12-04 01:19:58,937,18.118
2024-12-04 01:19:58,938,23.277
2024-12-04 01:19:58,939,22.632
2024-12-04 01:19:58,940,23.211
2024-12-04 01:19:58,941,23.306
2024-12-04 01:19:58,942,22.534
2024-12-04 01:19:58,943,24.383
2024-12-04 01:19:58,944,21.453
2024-12-04 01:19:58,945,23.018
2024-12-04 01:19:58,946,22.807
2024-12-04 01:19:58,947,23.854
2024-12-04 01:19:59,948,23.226
2024-12-04 01:19:59,949,24.309
2024-12-04 01:19:59,950,17.381
2024-12-04 01:19:59,951,23.971
2024-12-04 01:19:59,952,24.900
2024-12-04 01:19:59,953,23.628
2024-12-04 01:19:59,954,23.493
2024-12-04 01:19:59,955,23.280
2024-12-04 01:19:59,956,23.547
2024-12-04 01:19:59,957,24.374
2024-12-04 01:19:59,958,16.043
2024-12-04 01:19:59,959,15.791
2024-12-04 01:19:59,960,21.156
2024-12-04 01:19:59,961,20.801
2024-12-04 01:19:59,962,23.327
2024-12-04 01:19:59,963,23.746
2024-12-04 01:19:59,964,23.893
2024-12-04 01:20:00,965,21.791
2024-12-04 01:20:00,966,24.162
2024-12-04 01:20:00,967,23.247
2024-12-04 01:20:00,968,21.190
2024-12-04 01:20:00,969,24.079
2024-12-04 01:20:00,970,24.370
2024-12-04 01:20:00,971,23.882
2024-12-04 01:20:00,972,23.228
2024-12-04 01:20:00,973,22.526
2024-12-04 01:20:00,974,20.482
2024-12-04 01:20:00,975,23.976
2024-12-04 01:20:00,976,23.612
2024-12-04 01:20:00,977,22.425
2024-12-04 01:20:00,978,22.617
2024-12-04 01:20:00,979,22.085
2024-12-04 01:20:00,980,24.214
2024-12-04 01:20:00,981,23.886
2024-12-04 01:20:01,982,24.169
2024-12-04 01:20:01,983,24.558
2024-12-04 01:20:01,984,22.901
2024-12-04 01:20:01,985,24.469
2024-12-04 01:20:01,986,24.151
2024-12-04 01:20:01,987,21.205
2024-12-04 01:20:01,988,22.337
2024-12-04 01:20:01,989,30.807
2024-12-04 01:20:01,990,22.373
2024-12-04 01:20:01,991,23.197
2024-12-04 01:20:01,992,22.796
2024-12-04 01:20:01,993,22.353
2024-12-04 01:20:01,994,19.205
2024-12-04 01:20:01,995,24.368
2024-12-04 01:20:01,996,19.914
2024-12-04 01:20:01,997,23.979
2024-12-04 01:20:02,998,19.866
2024-12-04 01:20:02,999,22.274
2024-12-04 01:20:02,1000,17.198
